{"cameraMode":{"drawMode":0,"name":"Shaded","section":"Shading Mode"},"sceneLighting":true,"audioPlay":false,"sceneViewState":{"showFog":true,"showMaterialUpdate":false,"showSkybox":true,"showFlares":true,"showImageEffects":true,"showParticleSystems":true},"in2DMode":false,"pivot":{"x":0.4247455596923828,"y":0.9133768081665039,"z":0.0015850067138671876},"rotation":{"x":0.24124619364738465,"y":-0.2568475008010864,"z":0.06637714058160782,"w":0.9335020780563355},"size":29.99004364013672,"orthographic":false}